{"cameraMode":{"drawMode":0,"name":"Shaded","section":"Shading Mode"},"sceneLighting":true,"audioPlay":false,"sceneViewState":{"showFog":true,"showMaterialUpdate":false,"showSkybox":false,"showFlares":true,"showImageEffects":true,"showParticleSystems":true,"showVisualEffectGraphs":true,"m_FxEnabled":true},"in2DMode":false,"pivot":{"x":-0.03999900817871094,"y":14.670001983642579,"z":-0.0000019073486328125},"rotation":{"x":0.016376256942749025,"y":-0.8997273445129395,"z":0.43495869636535647,"w":0.03370179235935211},"size":35.4852409362793,"orthographic":false}