{"cameraMode":{"drawMode":0,"name":"Shaded","section":"Shading Mode"},"sceneLighting":true,"audioPlay":false,"sceneViewState":{"showFog":true,"showMaterialUpdate":false,"showSkybox":false,"showFlares":true,"showImageEffects":true,"showParticleSystems":true,"showVisualEffectGraphs":true,"m_FxEnabled":true},"in2DMode":false,"pivot":{"x":0.1100015640258789,"y":16.86000633239746,"z":-0.9300222396850586},"rotation":{"x":0.016376256942749025,"y":-0.8997273445129395,"z":0.43495869636535647,"w":0.03370179235935211},"size":39.267616271972659,"orthographic":false}