{"cameraMode":{"drawMode":0,"name":"Shaded","section":"Shading Mode"},"sceneLighting":true,"audioPlay":false,"sceneViewState":{"showFog":true,"showMaterialUpdate":false,"showSkybox":true,"showFlares":true,"showImageEffects":true,"showParticleSystems":true,"showVisualEffectGraphs":true,"m_FxEnabled":true},"in2DMode":false,"pivot":{"x":0.9177824258804321,"y":2.954437732696533,"z":6.520510673522949},"rotation":{"x":0.21786613762378694,"y":-0.30295830965042117,"z":0.07135500013828278,"w":0.9250242114067078},"size":10.300000190734864,"orthographic":false}