{"cameraMode":{"drawMode":0,"name":"Shaded","section":"Shading Mode"},"sceneLighting":true,"audioPlay":false,"sceneViewState":{"showFog":true,"showMaterialUpdate":false,"showSkybox":true,"showFlares":true,"showImageEffects":true,"showParticleSystems":true,"showVisualEffectGraphs":true,"m_FxEnabled":true},"in2DMode":false,"pivot":{"x":715.6666870117188,"y":-51.93760681152344,"z":600.7085571289063},"rotation":{"x":-0.36208388209342959,"y":-0.008596211671829224,"z":0.0034431670792400839,"w":-0.9321621656417847},"size":95.09424591064453,"orthographic":false}