{"cameraMode":{"drawMode":0,"name":"Shaded","section":"Shading Mode"},"sceneLighting":true,"audioPlay":false,"sceneViewState":{"showFog":true,"showMaterialUpdate":false,"showSkybox":true,"showFlares":true,"showImageEffects":true,"showParticleSystems":true,"showVisualEffectGraphs":true,"m_FxEnabled":true},"in2DMode":false,"pivot":{"x":-70.93675231933594,"y":-9.983148574829102,"z":159.18785095214845},"rotation":{"x":-0.05839384347200394,"y":0.0488082580268383,"z":-0.0029541521798819305,"w":-0.9971316456794739},"size":57.290504455566409,"orthographic":false}