{"cameraMode":{"drawMode":0,"name":"Shaded","section":"Shading Mode"},"sceneLighting":true,"audioPlay":false,"sceneViewState":{"showFog":true,"showMaterialUpdate":false,"showSkybox":true,"showFlares":true,"showImageEffects":true,"showParticleSystems":true,"showVisualEffectGraphs":true,"m_FxEnabled":true},"in2DMode":false,"pivot":{"x":863.198486328125,"y":-25.776779174804689,"z":1208.8919677734375},"rotation":{"x":0.08660643547773361,"y":-0.27481964230537417,"z":0.02955031767487526,"w":0.9575554728507996},"size":222.01939392089845,"orthographic":false}