{"cameraMode":{"drawMode":0,"name":"Shaded","section":"Shading Mode"},"sceneLighting":true,"audioPlay":false,"sceneViewState":{"showFog":true,"showMaterialUpdate":false,"showSkybox":true,"showFlares":true,"showImageEffects":true,"showParticleSystems":true,"showVisualEffectGraphs":true,"m_FxEnabled":true},"in2DMode":false,"pivot":{"x":1035.6937255859375,"y":13.185827255249024,"z":94.13755798339844},"rotation":{"x":-0.17462113499641419,"y":0.006899233441799879,"z":-0.00584366312250495,"w":-0.9850124716758728},"size":0.7577037215232849,"orthographic":false}