{"cameraMode":{"drawMode":0,"name":"Shaded","section":"Shading Mode"},"sceneLighting":true,"audioPlay":false,"sceneViewState":{"showFog":true,"showMaterialUpdate":false,"showSkybox":true,"showFlares":true,"showImageEffects":true,"showParticleSystems":true,"showVisualEffectGraphs":true,"m_FxEnabled":true},"in2DMode":false,"pivot":{"x":1052.1431884765625,"y":-47.70406723022461,"z":228.02061462402345},"rotation":{"x":0.01049839612096548,"y":0.002704141428694129,"z":-0.0000893136384547688,"w":0.9999995827674866},"size":46.62959289550781,"orthographic":false}