{"cameraMode":{"drawMode":0,"name":"Shaded","section":"Shading Mode"},"sceneLighting":true,"audioPlay":false,"sceneViewState":{"showFog":true,"showMaterialUpdate":false,"showSkybox":true,"showFlares":true,"showImageEffects":true,"showParticleSystems":true,"showVisualEffectGraphs":true,"m_FxEnabled":true},"in2DMode":false,"pivot":{"x":451.4067687988281,"y":117.92276000976563,"z":227.5767822265625},"rotation":{"x":-0.09284649789333344,"y":-0.022992080077528955,"z":0.0020546799059957268,"w":-0.995450496673584},"size":380.1351318359375,"orthographic":false}