{"cameraMode":{"drawMode":0,"name":"Shaded","section":"Shading Mode"},"sceneLighting":true,"audioPlay":false,"sceneViewState":{"showFog":true,"showMaterialUpdate":false,"showSkybox":true,"showFlares":true,"showImageEffects":true,"showParticleSystems":true,"showVisualEffectGraphs":true,"m_FxEnabled":true},"in2DMode":false,"pivot":{"x":1104.7972412109375,"y":-56.627479553222659,"z":985.705322265625},"rotation":{"x":-0.19889521598815919,"y":0.08602850884199143,"z":-0.017452547326683999,"w":-0.9761428833007813},"size":1.1274590492248536,"orthographic":false}