{"cameraMode":{"drawMode":0,"name":"Shaded","section":"Shading Mode"},"sceneLighting":true,"audioPlay":false,"sceneViewState":{"showFog":true,"showMaterialUpdate":false,"showSkybox":true,"showFlares":true,"showImageEffects":true,"showParticleSystems":true,"showVisualEffectGraphs":true,"m_FxEnabled":true},"in2DMode":false,"pivot":{"x":4.475861549377441,"y":3.0299999713897707,"z":6.433516502380371},"rotation":{"x":-0.06491193175315857,"y":0.17597515881061555,"z":-0.011685909703373909,"w":-0.9822506308555603},"size":4.634133815765381,"orthographic":true}