{"cameraMode":{"drawMode":0,"name":"Shaded","section":"Shading Mode"},"sceneLighting":true,"audioPlay":false,"sceneViewState":{"showFog":true,"showMaterialUpdate":false,"showSkybox":true,"showFlares":true,"showImageEffects":true,"showParticleSystems":true,"showVisualEffectGraphs":true,"m_FxEnabled":true},"in2DMode":false,"pivot":{"x":58.29205322265625,"y":-113.71478271484375,"z":109.29722595214844},"rotation":{"x":0.012972667813301087,"y":-0.6944149732589722,"z":0.012476281262934208,"w":0.7194079160690308},"size":500.5765075683594,"orthographic":false}