{"cameraMode":{"drawMode":0,"name":"Shaded","section":"Shading Mode"},"sceneLighting":true,"audioPlay":false,"sceneViewState":{"showFog":true,"showMaterialUpdate":false,"showSkybox":true,"showFlares":true,"showImageEffects":true,"showParticleSystems":true,"showVisualEffectGraphs":true,"m_FxEnabled":true},"in2DMode":false,"pivot":{"x":423.77850341796877,"y":193.6566925048828,"z":-2.988922119140625},"rotation":{"x":-0.11526232212781906,"y":0.0011249426752328873,"z":-0.002277675550431013,"w":-0.993587851524353},"size":119.40484619140625,"orthographic":false}