{"cameraMode":{"drawMode":0,"name":"Shaded","section":"Shading Mode"},"sceneLighting":true,"audioPlay":false,"sceneViewState":{"showFog":true,"showMaterialUpdate":false,"showSkybox":true,"showFlares":true,"showImageEffects":true,"showParticleSystems":true,"showVisualEffectGraphs":true,"m_FxEnabled":true},"in2DMode":false,"pivot":{"x":375.7257080078125,"y":245.31590270996095,"z":160.40298461914063},"rotation":{"x":0.028495633974671365,"y":0.005997540429234505,"z":-0.00017097244563046843,"w":0.9995761513710022},"size":284.3398132324219,"orthographic":false}