{"cameraMode":{"drawMode":0,"name":"Shaded","section":"Shading Mode"},"sceneLighting":true,"audioPlay":false,"sceneViewState":{"showFog":true,"showMaterialUpdate":false,"showSkybox":true,"showFlares":true,"showImageEffects":true,"showParticleSystems":true,"showVisualEffectGraphs":true,"m_FxEnabled":true},"in2DMode":false,"pivot":{"x":-14.732087135314942,"y":3.2439849376678469,"z":-14.547232627868653},"rotation":{"x":-0.23769795894622804,"y":0.013360210694372654,"z":-0.003351150080561638,"w":-0.9713290333747864},"size":15.643932342529297,"orthographic":false}