{"cameraMode":{"drawMode":0,"name":"Shaded","section":"Shading Mode"},"sceneLighting":true,"audioPlay":false,"sceneViewState":{"showFog":true,"showMaterialUpdate":false,"showSkybox":true,"showFlares":true,"showImageEffects":true,"showParticleSystems":true,"showVisualEffectGraphs":true,"m_FxEnabled":true},"in2DMode":false,"pivot":{"x":-66.23948669433594,"y":1.4157332181930543,"z":47.624488830566409},"rotation":{"x":0.14465650916099549,"y":-0.36044561862945559,"z":0.05669017508625984,"w":0.9197500944137573},"size":2.9506001472473146,"orthographic":false}