{"cameraMode":{"drawMode":0,"name":"Shaded","section":"Shading Mode"},"sceneLighting":true,"audioPlay":false,"sceneViewState":{"showFog":true,"showMaterialUpdate":false,"showSkybox":true,"showFlares":true,"showImageEffects":true,"showParticleSystems":true,"showVisualEffectGraphs":true,"m_FxEnabled":true},"in2DMode":false,"pivot":{"x":-166.48922729492188,"y":0.2814140319824219,"z":12.23284912109375},"rotation":{"x":0.016376256942749025,"y":-0.8997273445129395,"z":0.43495869636535647,"w":0.03370179235935211},"size":92.0176010131836,"orthographic":false}