{"cameraMode":{"drawMode":0,"name":"Shaded","section":"Shading Mode"},"sceneLighting":true,"audioPlay":false,"sceneViewState":{"showFog":true,"showMaterialUpdate":false,"showSkybox":true,"showFlares":true,"showImageEffects":true,"showParticleSystems":true,"showVisualEffectGraphs":true,"m_FxEnabled":true},"in2DMode":false,"pivot":{"x":-15.992755889892579,"y":2.6028733253479006,"z":-12.38559627532959},"rotation":{"x":-0.09826748818159104,"y":0.20037990808486939,"z":-0.020279666408896447,"w":-0.9746537804603577},"size":1.1602554321289063,"orthographic":false}