{"cameraMode":{"drawMode":0,"name":"Shaded","section":"Shading Mode"},"sceneLighting":false,"audioPlay":false,"sceneViewState":{"showFog":true,"showMaterialUpdate":false,"showSkybox":false,"showFlares":true,"showImageEffects":true,"showParticleSystems":true,"showVisualEffectGraphs":true,"m_FxEnabled":true},"in2DMode":false,"pivot":{"x":-0.00000762939453125,"y":5.33629035949707,"z":-0.0000019073486328125},"rotation":{"x":0.016376256942749025,"y":-0.8997273445129395,"z":0.43495869636535647,"w":0.03370179235935211},"size":63.28191375732422,"orthographic":false}