{"cameraMode":{"drawMode":0,"name":"Shaded","section":"Shading Mode"},"sceneLighting":false,"audioPlay":false,"sceneViewState":{"showFog":false,"showMaterialUpdate":false,"showSkybox":false,"showFlares":false,"showImageEffects":false,"showParticleSystems":false,"showVisualEffectGraphs":true,"m_FxEnabled":true},"in2DMode":false,"pivot":{"x":-0.13043032586574555,"y":4.709339618682861,"z":-4.797482013702393},"rotation":{"x":0.12731565535068513,"y":-0.047594621777534488,"z":0.006116883829236031,"w":0.9907050132751465},"size":0.6592649221420288,"orthographic":false}