{"cameraMode":{"drawMode":0,"name":"Shaded","section":"Shading Mode"},"sceneLighting":false,"audioPlay":false,"sceneViewState":{"showFog":true,"showMaterialUpdate":false,"showSkybox":false,"showFlares":true,"showImageEffects":true,"showParticleSystems":true,"showVisualEffectGraphs":true,"m_FxEnabled":true},"in2DMode":false,"pivot":{"x":0.2312297821044922,"y":6.524531364440918,"z":0.09685039520263672},"rotation":{"x":0.016376256942749025,"y":-0.8997273445129395,"z":0.43495869636535647,"w":0.03370179235935211},"size":30.606340408325197,"orthographic":false}